<xdc.runtime.Types.RtaDecoderData>
  <targetName>ti.targets.elf.C674</targetName>
  <binaryParser>ti.targets.omf.elf.Elf32</binaryParser>
  <endian>little</endian>
  <bitsPerChar>8</bitsPerChar>
  <argSize>4</argSize>
  <eventSize>48</eventSize>
  <dataTransportClassName>undefined</dataTransportClassName>
  <controlTransportClassName>undefined</controlTransportClassName>
  <loggers-length>1</loggers-length>
  <loggers>
    <name>_logInfo</name>
    <type>xdc.runtime.LoggerBuf</type>
    <metaArgs>
      <bufferSymbol>xdc_runtime_LoggerBuf_Instance_State_0_entryArr__A</bufferSymbol>
      <bufferSize>6400</bufferSize>
    </metaArgs>
  </loggers>
  <modMap-length>41</modMap-length>
  <modMap key="xdc.runtime.Assert">
    <id>32770</id>
    <logger>null</logger>
    <diagsMask>0000100000000000</diagsMask>
  </modMap>
  <modMap key="xdc.runtime.Core">
    <id>32771</id>
    <logger>null</logger>
    <diagsMask>0000100000000000</diagsMask>
  </modMap>
  <modMap key="xdc.runtime.Defaults">
    <id>32772</id>
    <logger>null</logger>
    <diagsMask>0000110000000000</diagsMask>
  </modMap>
  <modMap key="xdc.runtime.Diags">
    <id>32773</id>
    <logger>null</logger>
    <diagsMask>0000100000000000</diagsMask>
  </modMap>
  <modMap key="xdc.runtime.Error">
    <id>32774</id>
    <logger>null</logger>
    <diagsMask>0000110000000000</diagsMask>
  </modMap>
  <modMap key="xdc.runtime.Gate">
    <id>32775</id>
    <logger>null</logger>
    <diagsMask>0000100000000000</diagsMask>
  </modMap>
  <modMap key="xdc.runtime.Log">
    <id>32776</id>
    <logger>null</logger>
    <diagsMask>0000100000000000</diagsMask>
  </modMap>
  <modMap key="xdc.runtime.LoggerBuf">
    <id>32777</id>
    <logger>null</logger>
    <diagsMask>0000100000000000</diagsMask>
  </modMap>
  <modMap key="xdc.runtime.Main">
    <id>32778</id>
    <logger>_logInfo</logger>
    <diagsMask>0000110030000000</diagsMask>
  </modMap>
  <modMap key="xdc.runtime.Memory">
    <id>32779</id>
    <logger>null</logger>
    <diagsMask>0000100000000000</diagsMask>
  </modMap>
  <modMap key="xdc.runtime.Registry">
    <id>32780</id>
    <logger>null</logger>
    <diagsMask>0000110000000000</diagsMask>
  </modMap>
  <modMap key="xdc.runtime.Startup">
    <id>32781</id>
    <logger>null</logger>
    <diagsMask>0000100000000000</diagsMask>
  </modMap>
  <modMap key="xdc.runtime.System">
    <id>32782</id>
    <logger>null</logger>
    <diagsMask>0000100000000000</diagsMask>
  </modMap>
  <modMap key="xdc.runtime.SysStd">
    <id>32783</id>
    <logger>null</logger>
    <diagsMask>0000100000000000</diagsMask>
  </modMap>
  <modMap key="xdc.runtime.Text">
    <id>32784</id>
    <logger>null</logger>
    <diagsMask>0000100000000000</diagsMask>
  </modMap>
  <modMap key="xdc.runtime.Timestamp">
    <id>32785</id>
    <logger>null</logger>
    <diagsMask>0000100000000000</diagsMask>
  </modMap>
  <modMap key="xdc.runtime.TimestampNull">
    <id>32786</id>
    <logger>null</logger>
    <diagsMask>0000100000000000</diagsMask>
  </modMap>
  <modMap key="ti.sysbios.family.c64p.EventCombiner">
    <id>32790</id>
    <logger>null</logger>
    <diagsMask>0000110000000000</diagsMask>
  </modMap>
  <modMap key="ti.sysbios.family.c64p.Exception">
    <id>32791</id>
    <logger>null</logger>
    <diagsMask>0000110010000000</diagsMask>
  </modMap>
  <modMap key="ti.sysbios.family.c64p.Hwi">
    <id>32792</id>
    <logger>null</logger>
    <diagsMask>0000110000000000</diagsMask>
  </modMap>
  <modMap key="ti.sysbios.family.c64p.TimestampProvider">
    <id>32793</id>
    <logger>null</logger>
    <diagsMask>0000100000000000</diagsMask>
  </modMap>
  <modMap key="ti.sysbios.family.c64p.Cache">
    <id>32794</id>
    <logger>null</logger>
    <diagsMask>0000110000000000</diagsMask>
  </modMap>
  <modMap key="ti.sysbios.BIOS">
    <id>32795</id>
    <logger>null</logger>
    <diagsMask>0000110000000000</diagsMask>
  </modMap>
  <modMap key="ti.sysbios.knl.Clock">
    <id>32797</id>
    <logger>null</logger>
    <diagsMask>0000110000000000</diagsMask>
  </modMap>
  <modMap key="ti.sysbios.knl.Idle">
    <id>32798</id>
    <logger>null</logger>
    <diagsMask>0000110000000000</diagsMask>
  </modMap>
  <modMap key="ti.sysbios.knl.Intrinsics">
    <id>32799</id>
    <logger>null</logger>
    <diagsMask>0000110000000000</diagsMask>
  </modMap>
  <modMap key="ti.sysbios.knl.Event">
    <id>32800</id>
    <logger>null</logger>
    <diagsMask>0000110000000000</diagsMask>
  </modMap>
  <modMap key="ti.sysbios.knl.Queue">
    <id>32801</id>
    <logger>null</logger>
    <diagsMask>0000110000000000</diagsMask>
  </modMap>
  <modMap key="ti.sysbios.knl.Semaphore">
    <id>32802</id>
    <logger>null</logger>
    <diagsMask>0000110000000000</diagsMask>
  </modMap>
  <modMap key="ti.sysbios.knl.Swi">
    <id>32803</id>
    <logger>null</logger>
    <diagsMask>0000110000000000</diagsMask>
  </modMap>
  <modMap key="ti.sysbios.knl.Task">
    <id>32804</id>
    <logger>null</logger>
    <diagsMask>0000110030000000</diagsMask>
  </modMap>
  <modMap key="ti.sysbios.heaps.HeapBuf">
    <id>32806</id>
    <logger>null</logger>
    <diagsMask>0000110000000000</diagsMask>
  </modMap>
  <modMap key="ti.sysbios.heaps.HeapMem">
    <id>32807</id>
    <logger>null</logger>
    <diagsMask>0000110000000000</diagsMask>
  </modMap>
  <modMap key="ti.sysbios.utils.Load">
    <id>32809</id>
    <logger>null</logger>
    <diagsMask>0000110000000000</diagsMask>
  </modMap>
  <modMap key="ti.sysbios.rts.ti.ThreadLocalStorage">
    <id>32812</id>
    <logger>null</logger>
    <diagsMask>0000110000000000</diagsMask>
  </modMap>
  <modMap key="ti.sysbios.hal.Hwi">
    <id>32814</id>
    <logger>null</logger>
    <diagsMask>0000110000000000</diagsMask>
  </modMap>
  <modMap key="ti.sysbios.family.c62.TaskSupport">
    <id>32816</id>
    <logger>null</logger>
    <diagsMask>0000110000000000</diagsMask>
  </modMap>
  <modMap key="ti.sysbios.family.c62.IntrinsicsSupport">
    <id>32817</id>
    <logger>null</logger>
    <diagsMask>0000110000000000</diagsMask>
  </modMap>
  <modMap key="ti.sysbios.gates.GateHwi">
    <id>32819</id>
    <logger>null</logger>
    <diagsMask>0000110000000000</diagsMask>
  </modMap>
  <modMap key="ti.sysbios.gates.GateMutex">
    <id>32820</id>
    <logger>null</logger>
    <diagsMask>0000110000000000</diagsMask>
  </modMap>
  <modMap key="ti.sysbios.timers.rti.Timer">
    <id>32823</id>
    <logger>null</logger>
    <diagsMask>0000110000000000</diagsMask>
  </modMap>
  <evtMap-length>37</evtMap-length>
  <evtMap key="xdc.runtime.Log.L_construct">
    <id>4993</id>
    <msg>%3C--+construct%3A+%25p%28%27%25s%27%29</msg>
  </evtMap>
  <evtMap key="xdc.runtime.Log.L_create">
    <id>5017</id>
    <msg>%3C--+create%3A+%25p%28%27%25s%27%29</msg>
  </evtMap>
  <evtMap key="xdc.runtime.Log.L_destruct">
    <id>5038</id>
    <msg>--%3E+destruct%3A+%28%25p%29</msg>
  </evtMap>
  <evtMap key="xdc.runtime.Log.L_delete">
    <id>5057</id>
    <msg>--%3E+delete%3A+%28%25p%29</msg>
  </evtMap>
  <evtMap key="xdc.runtime.Log.L_error">
    <id>5074</id>
    <msg>ERROR%3A+%25%24F%25%24S</msg>
  </evtMap>
  <evtMap key="xdc.runtime.Log.L_warning">
    <id>5088</id>
    <msg>WARNING%3A+%25%24F%25%24S</msg>
  </evtMap>
  <evtMap key="xdc.runtime.Log.L_info">
    <id>5104</id>
    <msg>%25%24F%25%24S</msg>
  </evtMap>
  <evtMap key="xdc.runtime.Log.L_start">
    <id>5111</id>
    <msg>Start%3A+%25%24S</msg>
  </evtMap>
  <evtMap key="xdc.runtime.Log.L_stop">
    <id>5122</id>
    <msg>Stop%3A+%25%24S</msg>
  </evtMap>
  <evtMap key="xdc.runtime.Log.L_startInstance">
    <id>5132</id>
    <msg>StartInstance%3A+%25%24S</msg>
  </evtMap>
  <evtMap key="xdc.runtime.Log.L_stopInstance">
    <id>5151</id>
    <msg>StopInstance%3A+%25%24S</msg>
  </evtMap>
  <evtMap key="ti.sysbios.family.c64p.Hwi.LM_begin">
    <id>5169</id>
    <msg>LM_begin%3A+hwi%3A+0x%25x%2C+func%3A+0x%25x%2C+preThread%3A+%25d%2C+intNum%3A+%25d%2C+irp%3A+0x%25x</msg>
  </evtMap>
  <evtMap key="ti.sysbios.family.c64p.Hwi.LD_end">
    <id>5239</id>
    <msg>LD_end%3A+hwi%3A+0x%25x</msg>
  </evtMap>
  <evtMap key="ti.sysbios.knl.Clock.LW_delayed">
    <id>5257</id>
    <msg>LW_delayed%3A+delay%3A+%25d</msg>
  </evtMap>
  <evtMap key="ti.sysbios.knl.Clock.LM_tick">
    <id>5279</id>
    <msg>LM_tick%3A+tick%3A+%25d</msg>
  </evtMap>
  <evtMap key="ti.sysbios.knl.Clock.LM_begin">
    <id>5297</id>
    <msg>LM_begin%3A+clk%3A+0x%25x%2C+func%3A+0x%25x</msg>
  </evtMap>
  <evtMap key="ti.sysbios.knl.Event.LM_post">
    <id>5329</id>
    <msg>LM_post%3A+event%3A+0x%25x%2C+currEvents%3A+0x%25x%2C+eventId%3A+0x%25x</msg>
  </evtMap>
  <evtMap key="ti.sysbios.knl.Event.LM_pend">
    <id>5383</id>
    <msg>LM_pend%3A+event%3A+0x%25x%2C+currEvents%3A+0x%25x%2C+andMask%3A+0x%25x%2C+orMask%3A+0x%25x%2C+timeout%3A+%25d</msg>
  </evtMap>
  <evtMap key="ti.sysbios.knl.Semaphore.LM_post">
    <id>5464</id>
    <msg>LM_post%3A+sem%3A+0x%25x%2C+count%3A+%25d</msg>
  </evtMap>
  <evtMap key="ti.sysbios.knl.Semaphore.LM_pend">
    <id>5494</id>
    <msg>LM_pend%3A+sem%3A+0x%25x%2C+count%3A+%25d%2C+timeout%3A+%25d</msg>
  </evtMap>
  <evtMap key="ti.sysbios.knl.Swi.LM_begin">
    <id>5537</id>
    <msg>LM_begin%3A+swi%3A+0x%25x%2C+func%3A+0x%25x%2C+preThread%3A+%25d</msg>
  </evtMap>
  <evtMap key="ti.sysbios.knl.Swi.LD_end">
    <id>5584</id>
    <msg>LD_end%3A+swi%3A+0x%25x</msg>
  </evtMap>
  <evtMap key="ti.sysbios.knl.Swi.LM_post">
    <id>5602</id>
    <msg>LM_post%3A+swi%3A+0x%25x%2C+func%3A+0x%25x%2C+pri%3A+%25d</msg>
  </evtMap>
  <evtMap key="ti.sysbios.knl.Task.LM_switch">
    <id>5642</id>
    <msg>LM_switch%3A+oldtsk%3A+0x%25x%2C+oldfunc%3A+0x%25x%2C+newtsk%3A+0x%25x%2C+newfunc%3A+0x%25x</msg>
  </evtMap>
  <evtMap key="ti.sysbios.knl.Task.LM_sleep">
    <id>5710</id>
    <msg>LM_sleep%3A+tsk%3A+0x%25x%2C+func%3A+0x%25x%2C+timeout%3A+%25d</msg>
  </evtMap>
  <evtMap key="ti.sysbios.knl.Task.LD_ready">
    <id>5755</id>
    <msg>LD_ready%3A+tsk%3A+0x%25x%2C+func%3A+0x%25x%2C+pri%3A+%25d</msg>
  </evtMap>
  <evtMap key="ti.sysbios.knl.Task.LD_block">
    <id>5796</id>
    <msg>LD_block%3A+tsk%3A+0x%25x%2C+func%3A+0x%25x</msg>
  </evtMap>
  <evtMap key="ti.sysbios.knl.Task.LM_yield">
    <id>5828</id>
    <msg>LM_yield%3A+tsk%3A+0x%25x%2C+func%3A+0x%25x%2C+currThread%3A+%25d</msg>
  </evtMap>
  <evtMap key="ti.sysbios.knl.Task.LM_setPri">
    <id>5876</id>
    <msg>LM_setPri%3A+tsk%3A+0x%25x%2C+func%3A+0x%25x%2C+oldPri%3A+%25d%2C+newPri+%25d</msg>
  </evtMap>
  <evtMap key="ti.sysbios.knl.Task.LD_exit">
    <id>5932</id>
    <msg>LD_exit%3A+tsk%3A+0x%25x%2C+func%3A+0x%25x</msg>
  </evtMap>
  <evtMap key="ti.sysbios.knl.Task.LM_setAffinity">
    <id>5963</id>
    <msg>LM_setAffinity%3A+tsk%3A+0x%25x%2C+func%3A+0x%25x%2C+oldCore%3A+%25d%2C+oldAffinity+%25d%2C+newAffinity+%25d</msg>
  </evtMap>
  <evtMap key="ti.sysbios.knl.Task.LM_schedule">
    <id>6046</id>
    <msg>LD_schedule%3A+coreId%3A+%25d%2C+workFlag%3A+%25d%2C+curSetLocal%3A+%25d%2C+curSetX%3A+%25d%2C+curMaskLocal%3A+%25d</msg>
  </evtMap>
  <evtMap key="ti.sysbios.knl.Task.LM_noWork">
    <id>6132</id>
    <msg>LD_noWork%3A+coreId%3A+%25d%2C+curSetLocal%3A+%25d%2C+curSetX%3A+%25d%2C+curMaskLocal%3A+%25d</msg>
  </evtMap>
  <evtMap key="ti.sysbios.utils.Load.LS_cpuLoad">
    <id>6202</id>
    <msg>LS_cpuLoad%3A+%25d%25%25</msg>
  </evtMap>
  <evtMap key="ti.sysbios.utils.Load.LS_hwiLoad">
    <id>6219</id>
    <msg>LS_hwiLoad%3A+%25d%2C%25d</msg>
  </evtMap>
  <evtMap key="ti.sysbios.utils.Load.LS_swiLoad">
    <id>6237</id>
    <msg>LS_swiLoad%3A+%25d%2C%25d</msg>
  </evtMap>
  <evtMap key="ti.sysbios.utils.Load.LS_taskLoad">
    <id>6255</id>
    <msg>LS_taskLoad%3A+0x%25x%2C%25d%2C%25d%2C0x%25x</msg>
  </evtMap>
</xdc.runtime.Types.RtaDecoderData>
